mutation_id	sample_id	cluster_id	cellular_prevalence	cellular_prevalence_std	cluster_assignment_prob
chr10_100244577_G_C	CHORANGIOMA	0	0.4542	0.0168	0.6487
chr10_100244577_G_C	NORM_VILLI	0	0.4400	0.0163	0.6487
chr10_105965641_C_A	CHORANGIOMA	0	0.4542	0.0168	0.8355
chr10_105965641_C_A	NORM_VILLI	0	0.4400	0.0163	0.8355
chr10_40958278_T_G	CHORANGIOMA	0	0.4542	0.0168	0.9996
chr10_40958278_T_G	NORM_VILLI	0	0.4400	0.0163	0.9996
chr10_42179121_T_C	CHORANGIOMA	0	0.4542	0.0168	0.9476
chr10_42179121_T_C	NORM_VILLI	0	0.4400	0.0163	0.9476
chr10_45766267_G_A	CHORANGIOMA	0	0.4542	0.0168	0.9787
chr10_45766267_G_A	NORM_VILLI	0	0.4400	0.0163	0.9787
chr10_46108082_A_G	CHORANGIOMA	0	0.4542	0.0168	0.9964
chr10_46108082_A_G	NORM_VILLI	0	0.4400	0.0163	0.9964
chr11_49401002_T_G	CHORANGIOMA	0	0.4542	0.0168	1.0000
chr11_49401002_T_G	NORM_VILLI	0	0.4400	0.0163	1.0000
chr11_49905512_A_T	CHORANGIOMA	0	0.4542	0.0168	1.0000
chr11_49905512_A_T	NORM_VILLI	0	0.4400	0.0163	1.0000
chr11_83133197_C_T	CHORANGIOMA	0	0.4542	0.0168	0.6992
chr11_83133197_C_T	NORM_VILLI	0	0.4400	0.0163	0.6992
chr12_38900592_C_G	CHORANGIOMA	0	0.4542	0.0168	0.9753
chr12_38900592_C_G	NORM_VILLI	0	0.4400	0.0163	0.9753
chr12_8167218_G_C	CHORANGIOMA	0	0.4542	0.0168	0.6263
chr12_8167218_G_C	NORM_VILLI	0	0.4400	0.0163	0.6263
chr12_87173643_A_C	CHORANGIOMA	0	0.4542	0.0168	0.8671
chr12_87173643_A_C	NORM_VILLI	0	0.4400	0.0163	0.8671
chr12_87173658_T_A	CHORANGIOMA	0	0.4542	0.0168	0.8668
chr12_87173658_T_A	NORM_VILLI	0	0.4400	0.0163	0.8668
chr13_51818543_G_T	CHORANGIOMA	0	0.4542	0.0168	0.9809
chr13_51818543_G_T	NORM_VILLI	0	0.4400	0.0163	0.9809
chr15_22371277_C_T	CHORANGIOMA	0	0.4542	0.0168	0.6273
chr15_22371277_C_T	NORM_VILLI	0	0.4400	0.0163	0.6273
chr15_23041917_A_G	CHORANGIOMA	0	0.4542	0.0168	0.8677
chr15_23041917_A_G	NORM_VILLI	0	0.4400	0.0163	0.8677
chr15_24141894_T_C	CHORANGIOMA	0	0.4542	0.0168	0.8660
chr15_24141894_T_C	NORM_VILLI	0	0.4400	0.0163	0.8660
chr15_24230267_C_T	CHORANGIOMA	0	0.4542	0.0168	0.9840
chr15_24230267_C_T	NORM_VILLI	0	0.4400	0.0163	0.9840
chr15_79997613_T_G	CHORANGIOMA	0	0.4542	0.0168	0.8607
chr15_79997613_T_G	NORM_VILLI	0	0.4400	0.0163	0.8607
chr15_80575429_A_C	CHORANGIOMA	0	0.4542	0.0168	0.5810
chr15_80575429_A_C	NORM_VILLI	0	0.4400	0.0163	0.5810
chr15_85469166_T_C	CHORANGIOMA	0	0.4542	0.0168	0.8458
chr15_85469166_T_C	NORM_VILLI	0	0.4400	0.0163	0.8458
chr15_93675863_C_A	CHORANGIOMA	0	0.4542	0.0168	0.7196
chr15_93675863_C_A	NORM_VILLI	0	0.4400	0.0163	0.7196
chr16_14969341_C_T	CHORANGIOMA	0	0.4542	0.0168	0.8459
chr16_14969341_C_T	NORM_VILLI	0	0.4400	0.0163	0.8459
chr17_132094_C_T	CHORANGIOMA	0	0.4542	0.0168	0.9884
chr17_132094_C_T	NORM_VILLI	0	0.4400	0.0163	0.9884
chr17_16862613_A_G	CHORANGIOMA	0	0.4542	0.0168	0.9840
chr17_16862613_A_G	NORM_VILLI	0	0.4400	0.0163	0.9840
chr17_21420850_G_A	CHORANGIOMA	0	0.4542	0.0168	0.9810
chr17_21420850_G_A	NORM_VILLI	0	0.4400	0.0163	0.9810
chr17_32041043_A_G	CHORANGIOMA	0	0.4542	0.0168	0.5590
chr17_32041043_A_G	NORM_VILLI	0	0.4400	0.0163	0.5590
chr17_36170898_C_T	CHORANGIOMA	0	0.4542	0.0168	0.6543
chr17_36170898_C_T	NORM_VILLI	0	0.4400	0.0163	0.6543
chr17_50194375_C_T	CHORANGIOMA	0	0.4542	0.0168	0.8558
chr17_50194375_C_T	NORM_VILLI	0	0.4400	0.0163	0.8558
chr18_37176096_G_T	CHORANGIOMA	0	0.4542	0.0168	0.8649
chr18_37176096_G_T	NORM_VILLI	0	0.4400	0.0163	0.8649
chr1_121106049_A_G	CHORANGIOMA	0	0.4542	0.0168	0.9005
chr1_121106049_A_G	NORM_VILLI	0	0.4400	0.0163	0.9005
chr1_13245904_G_T	CHORANGIOMA	0	0.4542	0.0168	1.0000
chr1_13245904_G_T	NORM_VILLI	0	0.4400	0.0163	1.0000
chr1_161606738_A_G	CHORANGIOMA	0	0.4542	0.0168	0.9847
chr1_161606738_A_G	NORM_VILLI	0	0.4400	0.0163	0.9847
chr1_16707420_C_A	CHORANGIOMA	0	0.4542	0.0168	0.8310
chr1_16707420_C_A	NORM_VILLI	0	0.4400	0.0163	0.8310
chr1_16761493_G_A	CHORANGIOMA	0	0.4542	0.0168	0.8619
chr1_16761493_G_A	NORM_VILLI	0	0.4400	0.0163	0.8619
chr1_17502077_A_T	CHORANGIOMA	0	0.4542	0.0168	0.9957
chr1_17502077_A_T	NORM_VILLI	0	0.4400	0.0163	0.9957
chr1_222488151_T_C	CHORANGIOMA	0	0.4542	0.0168	0.9836
chr1_222488151_T_C	NORM_VILLI	0	0.4400	0.0163	0.9836
chr1_234791326_A_G	CHORANGIOMA	0	0.4542	0.0168	0.8433
chr1_234791326_A_G	NORM_VILLI	0	0.4400	0.0163	0.8433
chr1_243056663_G_C	CHORANGIOMA	0	0.4542	0.0168	0.8096
chr1_243056663_G_C	NORM_VILLI	0	0.4400	0.0163	0.8096
chr1_243188821_A_C	CHORANGIOMA	0	0.4542	0.0168	0.9794
chr1_243188821_A_C	NORM_VILLI	0	0.4400	0.0163	0.9794
chr1_2657381_C_A	CHORANGIOMA	0	0.4542	0.0168	0.9922
chr1_2657381_C_A	NORM_VILLI	0	0.4400	0.0163	0.9922
chr20_26079381_T_C	CHORANGIOMA	0	0.4542	0.0168	0.8650
chr20_26079381_T_C	NORM_VILLI	0	0.4400	0.0163	0.8650
chr20_29640537_G_T	CHORANGIOMA	0	0.4542	0.0168	0.8691
chr20_29640537_G_T	NORM_VILLI	0	0.4400	0.0163	0.8691
chr20_29735741_T_C	CHORANGIOMA	0	0.4542	0.0168	0.8653
chr20_29735741_T_C	NORM_VILLI	0	0.4400	0.0163	0.8653
chr20_30193268_C_T	CHORANGIOMA	0	0.4542	0.0168	0.9757
chr20_30193268_C_T	NORM_VILLI	0	0.4400	0.0163	0.9757
chr20_30391843_T_G	CHORANGIOMA	0	0.4542	0.0168	0.7935
chr20_30391843_T_G	NORM_VILLI	0	0.4400	0.0163	0.7935
chr20_30394669_A_G	CHORANGIOMA	0	0.4542	0.0168	0.8096
chr20_30394669_A_G	NORM_VILLI	0	0.4400	0.0163	0.8096
chr20_43802078_C_T	CHORANGIOMA	0	0.4542	0.0168	0.8689
chr20_43802078_C_T	NORM_VILLI	0	0.4400	0.0163	0.8689
chr22_12180294_C_G	CHORANGIOMA	0	0.4542	0.0168	0.7700
chr22_12180294_C_G	NORM_VILLI	0	0.4400	0.0163	0.7700
chr22_22261704_T_C	CHORANGIOMA	0	0.4542	0.0168	0.9997
chr22_22261704_T_C	NORM_VILLI	0	0.4400	0.0163	0.9997
chr2_108674739_G_A	CHORANGIOMA	0	0.4542	0.0168	0.8557
chr2_108674739_G_A	NORM_VILLI	0	0.4400	0.0163	0.8557
chr2_113575984_T_C	CHORANGIOMA	0	0.4542	0.0168	0.8689
chr2_113575984_T_C	NORM_VILLI	0	0.4400	0.0163	0.8689
chr2_122110744_C_A	CHORANGIOMA	0	0.4542	0.0168	0.8607
chr2_122110744_C_A	NORM_VILLI	0	0.4400	0.0163	0.8607
chr2_224622132_A_C	CHORANGIOMA	0	0.4542	0.0168	0.8639
chr2_224622132_A_C	NORM_VILLI	0	0.4400	0.0163	0.8639
chr2_227343434_G_T	CHORANGIOMA	0	0.4542	0.0168	0.9807
chr2_227343434_G_T	NORM_VILLI	0	0.4400	0.0163	0.9807
chr2_233034338_C_T	CHORANGIOMA	0	0.4542	0.0168	0.9753
chr2_233034338_C_T	NORM_VILLI	0	0.4400	0.0163	0.9753
chr2_47834657_C_A	CHORANGIOMA	0	0.4542	0.0168	0.7917
chr2_47834657_C_A	NORM_VILLI	0	0.4400	0.0163	0.7917
chr2_86916250_A_G	CHORANGIOMA	0	0.4542	0.0168	0.8777
chr2_86916250_A_G	NORM_VILLI	0	0.4400	0.0163	0.8777
chr2_86916271_C_T	CHORANGIOMA	0	0.4542	0.0168	0.8344
chr2_86916271_C_T	NORM_VILLI	0	0.4400	0.0163	0.8344
chr2_87515217_C_T	CHORANGIOMA	0	0.4542	0.0168	0.9779
chr2_87515217_C_T	NORM_VILLI	0	0.4400	0.0163	0.9779
chr2_91500543_T_C	CHORANGIOMA	0	0.4542	0.0168	0.8660
chr2_91500543_T_C	NORM_VILLI	0	0.4400	0.0163	0.8660
chr2_97153427_G_A	CHORANGIOMA	0	0.4542	0.0168	0.9856
chr2_97153427_G_A	NORM_VILLI	0	0.4400	0.0163	0.9856
chr2_97172497_G_A	CHORANGIOMA	0	0.4542	0.0168	0.8641
chr2_97172497_G_A	NORM_VILLI	0	0.4400	0.0163	0.8641
chr3_130146845_A_G	CHORANGIOMA	0	0.4542	0.0168	0.8607
chr3_130146845_A_G	NORM_VILLI	0	0.4400	0.0163	0.8607
chr3_13196762_G_C	CHORANGIOMA	0	0.4542	0.0168	0.8641
chr3_13196762_G_C	NORM_VILLI	0	0.4400	0.0163	0.8641
chr3_148501779_G_T	CHORANGIOMA	0	0.4542	0.0168	0.8731
chr3_148501779_G_T	NORM_VILLI	0	0.4400	0.0163	0.8731
chr3_32891590_C_T	CHORANGIOMA	0	0.4542	0.0168	0.8569
chr3_32891590_C_T	NORM_VILLI	0	0.4400	0.0163	0.8569
chr3_45921901_C_T	CHORANGIOMA	0	0.4542	0.0168	0.9838
chr3_45921901_C_T	NORM_VILLI	0	0.4400	0.0163	0.9838
chr3_46427816_T_C	CHORANGIOMA	0	0.4542	0.0168	0.8698
chr3_46427816_T_C	NORM_VILLI	0	0.4400	0.0163	0.8698
chr3_75635679_A_G	CHORANGIOMA	0	0.4542	0.0168	0.8685
chr3_75635679_A_G	NORM_VILLI	0	0.4400	0.0163	0.8685
chr3_75689207_A_T	CHORANGIOMA	0	0.4542	0.0168	0.9909
chr3_75689207_A_T	NORM_VILLI	0	0.4400	0.0163	0.9909
chr3_91028791_G_T	CHORANGIOMA	0	0.4542	0.0168	0.9218
chr3_91028791_G_T	NORM_VILLI	0	0.4400	0.0163	0.9218
chr3_94898138_T_A	CHORANGIOMA	0	0.4542	0.0168	0.8709
chr3_94898138_T_A	NORM_VILLI	0	0.4400	0.0163	0.8709
chr4_102900429_A_G	CHORANGIOMA	0	0.4542	0.0168	0.8324
chr4_102900429_A_G	NORM_VILLI	0	0.4400	0.0163	0.8324
chr4_143839189_C_T	CHORANGIOMA	0	0.4542	0.0168	0.8690
chr4_143839189_C_T	NORM_VILLI	0	0.4400	0.0163	0.8690
chr4_163392157_A_T	CHORANGIOMA	0	0.4542	0.0168	0.5290
chr4_163392157_A_T	NORM_VILLI	0	0.4400	0.0163	0.5290
chr4_24506580_C_A	CHORANGIOMA	0	0.4542	0.0168	0.9827
chr4_24506580_C_A	NORM_VILLI	0	0.4400	0.0163	0.9827
chr5_154043179_C_A	CHORANGIOMA	0	0.4542	0.0168	0.8731
chr5_154043179_C_A	NORM_VILLI	0	0.4400	0.0163	0.8731
chr5_34324497_T_C	CHORANGIOMA	0	0.4542	0.0168	0.9990
chr5_34324497_T_C	NORM_VILLI	0	0.4400	0.0163	0.9990
chr5_49643765_A_G	CHORANGIOMA	0	0.4542	0.0168	0.8641
chr5_49643765_A_G	NORM_VILLI	0	0.4400	0.0163	0.8641
chr5_80803319_C_A	CHORANGIOMA	0	0.4542	0.0168	0.8633
chr5_80803319_C_A	NORM_VILLI	0	0.4400	0.0163	0.8633
chr5_845316_T_C	CHORANGIOMA	0	0.4542	0.0168	0.9987
chr5_845316_T_C	NORM_VILLI	0	0.4400	0.0163	0.9987
chr6_121622774_G_T	CHORANGIOMA	0	0.4542	0.0168	0.8518
chr6_121622774_G_T	NORM_VILLI	0	0.4400	0.0163	0.8518
chr6_157226500_C_T	CHORANGIOMA	0	0.4542	0.0168	0.6976
chr6_157226500_C_T	NORM_VILLI	0	0.4400	0.0163	0.6976
chr6_4560308_C_A	CHORANGIOMA	0	0.4542	0.0168	0.9981
chr6_4560308_C_A	NORM_VILLI	0	0.4400	0.0163	0.9981
chr6_65321567_G_T	CHORANGIOMA	0	0.4542	0.0168	0.8639
chr6_65321567_G_T	NORM_VILLI	0	0.4400	0.0163	0.8639
chr7_100953614_C_T	CHORANGIOMA	0	0.4542	0.0168	0.9753
chr7_100953614_C_T	NORM_VILLI	0	0.4400	0.0163	0.9753
chr7_109290862_C_G	CHORANGIOMA	0	0.4542	0.0168	0.8017
chr7_109290862_C_G	NORM_VILLI	0	0.4400	0.0163	0.8017
chr7_142483097_C_T	CHORANGIOMA	0	0.4542	0.0168	0.9988
chr7_142483097_C_T	NORM_VILLI	0	0.4400	0.0163	0.9988
chr7_152411087_G_A	CHORANGIOMA	0	0.4542	0.0168	0.8668
chr7_152411087_G_A	NORM_VILLI	0	0.4400	0.0163	0.8668
chr8_145075639_G_C	CHORANGIOMA	0	0.4542	0.0168	0.9994
chr8_145075639_G_C	NORM_VILLI	0	0.4400	0.0163	0.9994
chr8_29633292_A_C	CHORANGIOMA	0	0.4542	0.0168	0.8639
chr8_29633292_A_C	NORM_VILLI	0	0.4400	0.0163	0.8639
chr8_57204062_G_A	CHORANGIOMA	0	0.4542	0.0168	0.9916
chr8_57204062_G_A	NORM_VILLI	0	0.4400	0.0163	0.9916
chr8_8161332_C_A	CHORANGIOMA	0	0.4542	0.0168	0.9147
chr8_8161332_C_A	NORM_VILLI	0	0.4400	0.0163	0.9147
chr9_131245376_T_C	CHORANGIOMA	0	0.4542	0.0168	0.9737
chr9_131245376_T_C	NORM_VILLI	0	0.4400	0.0163	0.9737
chr9_39057962_G_A	CHORANGIOMA	0	0.4542	0.0168	0.8732
chr9_39057962_G_A	NORM_VILLI	0	0.4400	0.0163	0.8732
chr9_62809184_T_G	CHORANGIOMA	0	0.4542	0.0168	0.6267
chr9_62809184_T_G	NORM_VILLI	0	0.4400	0.0163	0.6267
chr9_63380690_C_G	CHORANGIOMA	0	0.4542	0.0168	0.7509
chr9_63380690_C_G	NORM_VILLI	0	0.4400	0.0163	0.7509
chrX_143673443_A_T	CHORANGIOMA	0	0.4542	0.0168	0.8653
chrX_143673443_A_T	NORM_VILLI	0	0.4400	0.0163	0.8653
chr7_75503510_T_C	CHORANGIOMA	1	0.2582	0.0747	0.9100
chr7_75503510_T_C	NORM_VILLI	1	0.7791	0.1085	0.9100
chr12_67683469_A_T	CHORANGIOMA	2	0.8169	0.0560	0.3729
chr12_67683469_A_T	NORM_VILLI	2	0.8341	0.0603	0.3729
chr3_21997874_T_C	CHORANGIOMA	2	0.8169	0.0560	0.9997
chr3_21997874_T_C	NORM_VILLI	2	0.8341	0.0603	0.9997
chr4_111731255_T_A	CHORANGIOMA	2	0.8169	0.0560	0.9901
chr4_111731255_T_A	NORM_VILLI	2	0.8341	0.0603	0.9901
chr6_132156934_A_G	CHORANGIOMA	2	0.8169	0.0560	0.6987
chr6_132156934_A_G	NORM_VILLI	2	0.8341	0.0603	0.6987
chr8_298806_C_G	CHORANGIOMA	2	0.8169	0.0560	0.9229
chr8_298806_C_G	NORM_VILLI	2	0.8341	0.0603	0.9229
chrX_24408658_C_G	CHORANGIOMA	2	0.8169	0.0560	0.9952
chrX_24408658_C_G	NORM_VILLI	2	0.8341	0.0603	0.9952
chr10_69220325_C_G	CHORANGIOMA	3	0.9195	0.0471	0.4123
chr10_69220325_C_G	NORM_VILLI	3	0.4278	0.0391	0.4123
chr12_9315741_G_A	CHORANGIOMA	3	0.9195	0.0471	0.9726
chr12_9315741_G_A	NORM_VILLI	3	0.4278	0.0391	0.9726
chr2_169856154_G_C	CHORANGIOMA	3	0.9195	0.0471	0.8686
chr2_169856154_G_C	NORM_VILLI	3	0.4278	0.0391	0.8686
chr3_187033949_C_G	CHORANGIOMA	3	0.9195	0.0471	0.7995
chr3_187033949_C_G	NORM_VILLI	3	0.4278	0.0391	0.7995
chr5_178561053_A_C	CHORANGIOMA	3	0.9195	0.0471	0.9771
chr5_178561053_A_C	NORM_VILLI	3	0.4278	0.0391	0.9771
chr7_79684782_A_C	CHORANGIOMA	3	0.9195	0.0471	0.9987
chr7_79684782_A_C	NORM_VILLI	3	0.4278	0.0391	0.9987
