mutation_id	cluster	CHORANGIOMA_ccf	is_interesting	gene	NORM_VILLI_ccf	CHORANGIOMA_vaf	NORM_VILLI_vaf
chr10_100244577_G_C	2	0.4502	FALSE		0.4499	0.25	0
chr10_105965641_C_A	2	0.4502	FALSE		0.4499	0	0.29545454545454547
chr10_40958278_T_G	2	0.4502	FALSE		0.4499	0.46511627906976744	0
chr10_42179121_T_C	2	0.4502	FALSE		0.4499	0.225	0
chr10_45766267_G_A	2	0.4502	FALSE		0.4499	0.2608695652173913	0
chr10_46108082_A_G	2	0.4502	FALSE		0.4499	0.2876712328767123	0.265625
chr11_49401002_T_G	2	0.4502	FALSE		0.4499	0.2127659574468085	0.16666666666666666
chr11_49905512_A_T	2	0.4502	FALSE		0.4499	0.25925925925925924	0.2619047619047619
chr11_83133197_C_T	2	0.4502	FALSE		0.4499	0.25	0
chr12_38900592_C_G	2	0.4502	FALSE		0.4499	0.2	0
chr12_67683469_A_T	2	0.4502	FALSE		0.4499	0.37254901960784315	0
chr12_8167218_G_C	2	0.4502	FALSE		0.4499	0.2857142857142857	0
chr12_87173643_A_C	2	0.4502	FALSE		0.4499	0	0.2222222222222222
chr12_87173658_T_A	2	0.4502	FALSE		0.4499	0	0.20833333333333334
chr13_51818543_G_T	2	0.4502	FALSE		0.4499	0.27586206896551724	0
chr15_22371277_C_T	2	0.4502	FALSE		0.4499	0	0.3392857142857143
chr15_23041917_A_G	2	0.4502	FALSE		0.4499	0.3333333333333333	0.2702702702702703
chr15_24141894_T_C	2	0.4502	FALSE		0.4499	0	0.2
chr15_24230267_C_T	2	0.4502	FALSE		0.4499	0.22727272727272727	0
chr15_79997613_T_G	2	0.4502	FALSE		0.4499	0	0.2
chr15_80575429_A_C	2	0.4502	FALSE		0.4499	0.2962962962962963	0
chr15_85469166_T_C	2	0.4502	FALSE		0.4499	0.20408163265306123	0
chr15_93675863_C_A	2	0.4502	FALSE		0.4499	0.35294117647058826	0.3
chr16_14969341_C_T	2	0.4502	FALSE		0.4499	0.2	0
chr17_132094_C_T	2	0.4502	FALSE		0.4499	0.2727272727272727	0
chr17_16862613_A_G	2	0.4502	FALSE		0.4499	0.22727272727272727	0
chr17_21420850_G_A	2	0.4502	FALSE		0.4499	0.2	0
chr17_32041043_A_G	2	0.4502	FALSE		0.4499	0.375	0.1568627450980392
chr17_36170898_C_T	2	0.4502	FALSE		0.4499	0.0784313725490196	0.20454545454545456
chr17_50194375_C_T	2	0.4502	TRUE	COL1A1	0.4499	0.08333333333333333	0
chr18_37176096_G_T	2	0.4502	FALSE		0.4499	0	0.2708333333333333
chr1_121106049_A_G	2	0.4502	FALSE		0.4499	0.32558139534883723	0.08620689655172414
chr1_13245904_G_T	2	0.4502	FALSE		0.4499	0.25	0.28205128205128205
chr1_161606738_A_G	2	0.4502	FALSE		0.4499	0.26666666666666666	0.30434782608695654
chr1_16707420_C_A	2	0.4502	FALSE		0.4499	0.24	0.4146341463414634
chr1_16761493_G_A	2	0.4502	FALSE		0.4499	0	0.25
chr1_17502077_A_T	2	0.4502	FALSE		0.4499	0.2558139534883721	0.2
chr1_222488151_T_C	2	0.4502	FALSE		0.4499	0.25	0.22916666666666666
chr1_234791326_A_G	2	0.4502	FALSE		0.4499	0.2962962962962963	0.2549019607843137
chr1_243056663_G_C	2	0.4502	FALSE		0.4499	0.32558139534883723	0
chr1_243188821_A_C	2	0.4502	FALSE		0.4499	0.2894736842105263	0.23529411764705882
chr1_2657381_C_A	2	0.4502	FALSE		0.4499	0.20833333333333334	0.24390243902439024
chr20_26079381_T_C	2	0.4502	FALSE		0.4499	0	0.23809523809523808
chr20_29640537_G_T	2	0.4502	FALSE		0.4499	0	0.2033898305084746
chr20_29735741_T_C	2	0.4502	FALSE		0.4499	0	0.23809523809523808
chr20_30193268_C_T	2	0.4502	FALSE		0.4499	0.2653061224489796	0
chr20_30391843_T_G	2	0.4502	FALSE		0.4499	0	0.20689655172413793
chr20_30394669_A_G	2	0.4502	FALSE		0.4499	0.32558139534883723	0
chr20_43802078_C_T	2	0.4502	FALSE		0.4499	0	0.2391304347826087
chr22_12180294_C_G	2	0.4502	FALSE		0.4499	0	0.20930232558139536
chr22_22261704_T_C	2	0.4502	FALSE		0.4499	0.22033898305084745	0.1794871794871795
chr2_108674739_G_A	2	0.4502	FALSE		0.4499	0.20967741935483872	0
chr2_113575984_T_C	2	0.4502	FALSE		0.4499	0	0.2391304347826087
chr2_122110744_C_A	2	0.4502	FALSE		0.4499	0	0.2
chr2_224622132_A_C	2	0.4502	FALSE		0.4499	0	0.24390243902439024
chr2_227343434_G_T	2	0.4502	FALSE		0.4499	0.25	0
chr2_233034338_C_T	2	0.4502	FALSE		0.4499	0.2	0
chr2_47834657_C_A	2	0.4502	TRUE	FBXO11	0.4499	0.08571428571428572	0
chr2_86916250_A_G	2	0.4502	FALSE		0.4499	0	0.2542372881355932
chr2_86916271_C_T	2	0.4502	FALSE		0.4499	0	0.3
chr2_87515217_C_T	2	0.4502	FALSE		0.4499	0.19298245614035087	0.23333333333333334
chr2_91500543_T_C	2	0.4502	FALSE		0.4499	0	0.2
chr2_97153427_G_A	2	0.4502	FALSE		0.4499	0.20408163265306123	0
chr2_97172497_G_A	2	0.4502	FALSE		0.4499	0	0.20454545454545456
chr3_130146845_A_G	2	0.4502	FALSE		0.4499	0	0.2
chr3_13196762_G_C	2	0.4502	FALSE		0.4499	0	0.20454545454545456
chr3_148501779_G_T	2	0.4502	FALSE		0.4499	0	0.22033898305084745
chr3_32891590_C_T	2	0.4502	TRUE	TRIM71	0.4499	0.10810810810810811	0
chr3_45921901_C_T	2	0.4502	FALSE		0.4499	0.1111111111111111	0.24390243902439024
chr3_46427816_T_C	2	0.4502	FALSE		0.4499	0	0.22448979591836735
chr3_75635679_A_G	2	0.4502	FALSE		0.4499	0	0.20754716981132076
chr3_75689207_A_T	2	0.4502	FALSE		0.4499	0.2033898305084746	0
chr3_91028791_G_T	2	0.4502	FALSE		0.4499	0.20833333333333334	0
chr3_94898138_T_A	2	0.4502	FALSE		0.4499	0	0.21428571428571427
chr4_102900429_A_G	2	0.4502	FALSE		0.4499	0.20833333333333334	0
chr4_143839189_C_T	2	0.4502	FALSE		0.4499	0	0.21153846153846154
chr4_163392157_A_T	2	0.4502	FALSE		0.4499	0.3508771929824561	0
chr4_24506580_C_A	2	0.4502	FALSE		0.4499	0.23255813953488372	0
chr5_154043179_C_A	2	0.4502	FALSE		0.4499	0	0.22033898305084745
chr5_34324497_T_C	2	0.4502	FALSE		0.4499	0.22727272727272727	0.15625
chr5_49643765_A_G	2	0.4502	FALSE		0.4499	0	0.20930232558139536
chr5_80803319_C_A	2	0.4502	FALSE		0.4499	0	0.26666666666666666
chr5_845316_T_C	2	0.4502	FALSE		0.4499	0.1891891891891892	0.20454545454545456
chr6_121622774_G_T	2	0.4502	FALSE		0.4499	0	0.275
chr6_132156934_A_G	2	0.4502	FALSE		0.4499	0.3090909090909091	0.3793103448275862
chr6_157226500_C_T	2	0.4502	FALSE		0.4499	0.34146341463414637	0
chr6_4560308_C_A	2	0.4502	FALSE		0.4499	0.2676056338028169	0.25806451612903225
chr6_65321567_G_T	2	0.4502	FALSE		0.4499	0	0.24390243902439024
chr7_100953614_C_T	2	0.4502	FALSE		0.4499	0.2	0
chr7_109290862_C_G	2	0.4502	FALSE		0.4499	0	0.3111111111111111
chr7_142483097_C_T	2	0.4502	FALSE		0.4499	0.22727272727272727	0.13636363636363635
chr7_152411087_G_A	2	0.4502	FALSE		0.4499	0	0.22727272727272727
chr7_75503510_T_C	2	0.4502	FALSE		0.4499	0.12903225806451613	0.43137254901960786
chr8_145075639_G_C	2	0.4502	FALSE		0.4499	0.20754716981132076	0.18181818181818182
chr8_29633292_A_C	2	0.4502	FALSE		0.4499	0	0.2
chr8_57204062_G_A	2	0.4502	FALSE		0.4499	0.21052631578947367	0
chr8_8161332_C_A	2	0.4502	FALSE		0.4499	0.2	0
chr9_131245376_T_C	2	0.4502	FALSE		0.4499	0.26666666666666666	0
chr9_39057962_G_A	2	0.4502	FALSE		0.4499	0	0.2112676056338028
chr9_62809184_T_G	2	0.4502	FALSE		0.4499	0.3125	0
chr9_63380690_C_G	2	0.4502	FALSE		0.4499	0.33962264150943394	0.11627906976744186
chrX_143673443_A_T	2	0.4502	FALSE		0.4499	0	0.23809523809523808
chr3_21997874_T_C	1	0.8431	FALSE		0.8440	0.5121951219512195	0.5217391304347826
chr4_111731255_T_A	1	0.8431	FALSE		0.8440	0.375	0.41818181818181815
chr8_298806_C_G	1	0.8431	FALSE		0.8440	0.5384615384615384	0.3953488372093023
chrX_24408658_C_G	1	0.8431	FALSE		0.8440	0.425531914893617	0.4444444444444444
chr10_69220325_C_G	3	0.9129	FALSE		0.4358	0.391304347826087	0
chr12_9315741_G_A	3	0.9129	FALSE		0.4358	0.65	0.24390243902439024
chr2_169856154_G_C	3	0.9129	FALSE		0.4358	0.425	0.15789473684210525
chr3_187033949_C_G	3	0.9129	FALSE		0.4358	0.4827586206896552	0
chr5_178561053_A_C	3	0.9129	FALSE		0.4358	0.5641025641025641	0.2558139534883721
chr7_79684782_A_C	3	0.9129	FALSE		0.4358	0.52	0.14285714285714285
